First Name,Last Name,Email,Start Date,End Date,Record Type Id
Ansley,Hockell,ahockell0@uiuc.edu,11/9/2022,5/12/2023,Fundraising
Thorvald,Picken,tpicken1@themeforest.net,4/8/2023,7/29/2023,Biomedical
Benedetto,Brock,bbrock2@sogou.com,9/13/2023,10/16/2023,Humanitarian
Patty,Offer,poffer3@unc.edu,5/29/2023,5/6/2023,Fundraising
Leoine,Mosey,lmosey4@redcross.org,12/23/2022,1/29/2023,Training Services
Abramo,Loncaster,aloncaster5@bluehost.com,1/25/2023,12/6/2022,Biomedical
Constantin,Luety,cluety6@blogspot.com,9/23/2023,4/10/2023,Humanitarian
Codie,Ferrand,cferrand7@i2i.jp,11/3/2022,4/13/2023,Fundraising
Gennifer,Asmus,gasmus8@prweb.com,7/18/2023,6/9/2023,Biomedical
Brandie,Bavridge,bbavridge9@adobe.com,12/30/2022,10/22/2023,Training Services
Janot,Ech,jecha@multiply.com,4/1/2023,11/30/2022,Fundraising
Kathrine,Painten,kpaintenb@jalbum.net,7/9/2023,4/11/2023,Fundraising
Chev,Sikorsky,csikorskyc@ning.com,11/5/2022,3/25/2023,Humanitarian
Arnaldo,McGilvra,amcgilvrad@mediafire.com,4/16/2023,1/8/2023,Humanitarian
Lira,Durgan,ldurgane@slideshare.net,5/21/2023,3/18/2023,Biomedical
Cami,Carbry,ccarbryf@phoca.cz,2/5/2023,9/27/2023,Fundraising
Dallas,Trineman,dtrinemang@hexun.com,5/10/2023,1/1/2023,Biomedical
Stearn,O' Cuolahan,socuolahanh@people.com.cn,6/19/2023,3/9/2023,Biomedical
Georges,Kubera,gkuberai@kickstarter.com,7/24/2023,4/18/2023,Fundraising
Buddy,Joyes,bjoyesj@archive.org,4/30/2023,6/3/2023,Biomedical
Fredrika,Antoshin,fantoshink@about.me,6/16/2023,9/30/2023,Fundraising
Heidi,Laboune,hlabounel@ebay.co.uk,2/15/2023,7/2/2023,Biomedical
Karyl,Moubray,kmoubraym@tripod.com,7/15/2023,10/20/2023,Biomedical
Leonard,Hatrick,lhatrickn@barnesandnoble.com,11/6/2022,4/11/2023,Training Services
Giorgio,Hammersley,ghammersleyo@china.com.cn,8/16/2023,4/16/2023,Fundraising
Ajay,O'Geaney,aogeaneyp@irs.gov,9/7/2023,11/14/2022,Training Services
Martelle,Kiddie,mkiddieq@studiopress.com,2/12/2023,4/13/2023,Fundraising
Colas,Oselton,coseltonr@last.fm,10/22/2023,8/9/2023,Biomedical
Ulick,Garvie,ugarvies@si.edu,4/7/2023,4/18/2023,Humanitarian
Baily,Ionnidis,bionnidist@wsj.com,4/20/2023,12/2/2022,Fundraising
Ursuline,Ion,uionu@goo.gl,2/13/2023,3/24/2023,Training Services
Ketti,Lacrouts,klacroutsv@businesswire.com,2/20/2023,1/13/2023,Biomedical
Letitia,Maypowder,lmaypowderw@a8.net,1/30/2023,1/27/2023,Fundraising
Twyla,Struijs,tstruijsx@army.mil,12/20/2022,12/31/2022,Humanitarian
Misty,Peggrem,mpeggremy@delicious.com,10/19/2023,7/21/2023,Training Services
Nevins,Fantone,nfantonez@t-online.de,6/5/2023,7/4/2023,Biomedical
Alberta,Keers,akeers10@pinterest.com,4/28/2023,5/23/2023,Biomedical
Cheryl,Leathwood,cleathwood11@google.co.uk,12/3/2022,10/31/2022,Biomedical
Henri,Elacoate,helacoate12@deviantart.com,6/21/2023,4/13/2023,Fundraising
Herc,Eyree,heyree13@opensource.org,7/9/2023,10/24/2023,Fundraising
Bathsheba,Bellworthy,bbellworthy14@cloudflare.com,8/18/2023,3/6/2023,Biomedical
Alexandrina,Hurich,ahurich15@globo.com,4/11/2023,9/2/2023,Humanitarian
Hart,Braidwood,hbraidwood16@chicagotribune.com,12/19/2022,9/27/2023,Biomedical
Neils,Norkutt,nnorkutt17@joomla.org,1/12/2023,10/2/2023,Humanitarian
Marcille,Bramsen,mbramsen18@tuttocitta.it,11/9/2022,4/4/2023,Humanitarian
Nedda,McCormick,nmccormick19@cnet.com,8/8/2023,7/7/2023,Biomedical
Claus,Le Prevost,cleprevost1a@sourceforge.net,10/9/2023,8/4/2023,Humanitarian
Hermione,Todarini,htodarini1b@addtoany.com,8/5/2023,2/1/2023,Biomedical
Dillon,Scrivenor,dscrivenor1c@netlog.com,10/1/2023,12/26/2022,Training Services
Derward,Bende,dbende1d@zimbio.com,2/22/2023,6/12/2023,Training Services
Radcliffe,Slide,rslide1e@angelfire.com,3/24/2023,10/10/2023,Humanitarian
Lena,Potes,lpotes1f@nature.com,6/16/2023,6/25/2023,Biomedical
Tandy,Phelip,tphelip1g@amazonaws.com,5/18/2023,5/30/2023,Fundraising
Bekki,Ruddlesden,bruddlesden1h@loc.gov,7/2/2023,5/29/2023,Fundraising
Mikaela,Milkins,mmilkins1i@yandex.ru,8/27/2023,12/10/2022,Fundraising
Deane,Doxey,ddoxey1j@odnoklassniki.ru,2/25/2023,11/14/2022,Fundraising
Jinny,Agus,jagus1k@sogou.com,9/14/2023,12/17/2022,Training Services
Hanson,Cristofano,hcristofano1l@deliciousdays.com,7/27/2023,6/2/2023,Biomedical
Eunice,Albarez,ealbarez1m@upenn.edu,11/10/2022,5/19/2023,Fundraising
Dodi,Pynner,dpynner1n@sbwire.com,12/28/2022,2/21/2023,Training Services
Fair,Pechell,fpechell1o@ocn.ne.jp,9/2/2023,3/23/2023,Humanitarian
Addison,Zylberdik,azylberdik1p@ucoz.com,4/3/2023,10/15/2023,Biomedical
Bess,Side,bside1q@si.edu,3/15/2023,4/13/2023,Fundraising
Petronilla,Gonzalvo,pgonzalvo1r@yahoo.com,7/11/2023,3/16/2023,Fundraising
Pavia,Casham,pcasham1s@tinypic.com,3/14/2023,9/7/2023,Training Services
Marna,Strut,mstrut1t@webnode.com,10/31/2022,6/26/2023,Biomedical
Bogey,Spier,bspier1u@histats.com,10/2/2023,3/26/2023,Biomedical
Ada,Corbishley,acorbishley1v@usa.gov,6/15/2023,3/8/2023,Biomedical
Chrisy,Archbould,carchbould1w@stanford.edu,2/22/2023,8/24/2023,Biomedical
Zsazsa,Pencost,zpencost1x@zimbio.com,4/24/2023,11/6/2022,Training Services
Nicol,Maughan,nmaughan1y@engadget.com,8/23/2023,7/6/2023,Training Services
Drake,Twycross,dtwycross1z@yahoo.com,12/3/2022,11/18/2022,Biomedical
Lorna,Reinert,lreinert20@ed.gov,7/8/2023,10/31/2022,Humanitarian
Nariko,Moberley,nmoberley21@home.pl,4/19/2023,6/20/2023,Humanitarian
Ulric,Richardson,urichardson22@1und1.de,12/26/2022,4/28/2023,Fundraising
Hurleigh,Lemmon,hlemmon23@rambler.ru,12/1/2022,10/14/2023,Humanitarian
Rand,Mollindinia,rmollindinia24@qq.com,12/12/2022,3/8/2023,Humanitarian
Agnola,Gibbard,agibbard25@barnesandnoble.com,10/19/2023,10/26/2022,Training Services
Abby,Woodwing,awoodwing26@slate.com,12/5/2022,4/9/2023,Biomedical
Maud,Hickford,mhickford27@umich.edu,5/21/2023,1/10/2023,Humanitarian
Clifford,Gioani,cgioani28@wordpress.com,12/27/2022,7/22/2023,Humanitarian
Chad,Jarratt,cjarratt29@w3.org,8/15/2023,5/29/2023,Fundraising
Vickie,Polk,vpolk2a@google.ru,9/4/2023,8/2/2023,Humanitarian
Flor,Jahndel,fjahndel2b@xinhuanet.com,1/21/2023,10/14/2023,Humanitarian
Darice,Heliar,dheliar2c@hibu.com,1/2/2023,11/26/2022,Training Services
Jerry,Oglesbee,joglesbee2d@army.mil,2/23/2023,4/21/2023,Fundraising
Carol-jean,Bru,cbru2e@vinaora.com,8/21/2023,11/3/2022,Biomedical
Shelba,Gussie,sgussie2f@storify.com,12/7/2022,8/10/2023,Humanitarian
Ulrikaumeko,Callen,ucallen2g@dion.ne.jp,3/16/2023,5/16/2023,Training Services
Cleo,Ellacott,cellacott2h@globo.com,12/16/2022,6/26/2023,Training Services
Bert,Tewkesbury,btewkesbury2i@google.fr,1/2/2023,8/21/2023,Humanitarian
Shandra,Mucillo,smucillo2j@sogou.com,1/29/2023,9/27/2023,Humanitarian
Harmon,Jessep,hjessep2k@sbwire.com,7/31/2023,11/28/2022,Training Services
Lanny,Sailer,lsailer2l@xinhuanet.com,11/11/2022,2/11/2023,Humanitarian
Hildagarde,Kocher,hkocher2m@vk.com,9/25/2023,11/25/2022,Fundraising
Bronnie,Dunckley,bdunckley2n@qq.com,5/10/2023,11/20/2022,Fundraising
Corey,Merrall,cmerrall2o@bluehost.com,9/14/2023,12/8/2022,Humanitarian
Patrizia,Duckels,pduckels2p@over-blog.com,5/9/2023,1/3/2023,Biomedical
Lonny,Primo,lprimo2q@wp.com,9/5/2023,8/9/2023,Fundraising
Peggy,Kollasch,pkollasch2r@businessweek.com,3/13/2023,1/7/2023,Fundraising
